Date,Title,Image,Link
"Dec 08, 2018",inkyDays 12/08/18 ,inkyDays120818.jpg,none
"Dec 07, 2018",inkyDays 12/07/18 ,inkyDays120718.jpg,none
"Dec 06, 2018",inkyDays 12/06/18 ,inkyDays120618.jpg,none
"Dec 05, 2018",inkyDays 12/05/18 ,inkyDays120518.jpg,none
"Dec 04, 2018",inkyDays 12/04/18 ,inkyDays120418.jpg,none
"Dec 03, 2018",inkyDays 12/03/18 ,inkyDays120318.jpg,none
"Dec 02, 2018",inkyDays 12/02/18 ,inkyDays120218.jpg,none
"Dec 01, 2018",inkyDays 12/01/18 ,inkyDays120118.jpg,none
"Nov 30, 2018",inkyDays 11/30/18 ,inkyDays113018.jpg,none
"Nov 29, 2018",inkyDays 11/29/18 ,inkyDays112918.jpg,none
"Nov 28, 2018",inkyDays 11/28/18 ,inkyDays112818.jpg,none
"Nov 27, 2018",inkyDays 11/27/18 ,inkyDays112718.jpg,none
"Nov 26, 2018",inkyDays 11/26/18 ,inkyDays112618.jpg,none
"Nov 25, 2018",inkyDays 11/25/18 ,inkyDays112518.jpg,none
"Nov 24, 2018",inkyDays 11/24/18 ,inkyDays112418.jpg,none
"Nov 23, 2018",inkyDays 11/23/18 ,inkyDays112318.jpg,none
"Nov 22, 2018",inkyDays 11/22/18 ,inkyDays112218.jpg,none
"Nov 21, 2018",inkyDays 11/21/18 ,inkyDays112118.jpg,none
"Nov 20, 2018",inkyDays 11/20/18 ,inkyDays112018.jpg,none
"Nov 19, 2018",inkyDays 11/19/18 ,inkyDays111918.jpg,none
"Nov 18, 2018",inkyDays 11/18/18 ,inkyDays111818.jpg,none
"Nov 17, 2018",inkyDays 11/17/18 ,inkyDays111718.jpg,none
"Nov 16, 2018",inkyDays 11/16/18 ,inkyDays111618.jpg,none
"Nov 15, 2018",inkyDays 11/15/18 ,inkyDays111518.jpg,none
"Nov 14, 2018",inkyDays 11/14/18 ,inkyDays111418.jpg,none
"Nov 13, 2018",inkyDays 11/13/18 ,inkyDays111318.jpg,none
"Nov 12, 2018",inkyDays 11/12/18 ,inkyDays111218.jpg,none
"Nov 11, 2018",inkyDays 11/11/18 ,inkyDays111118.jpg,none
"Nov 10, 2018",inkyDays 11/10/18 ,inkyDays111018.jpg,none
"Nov 09, 2018",inkyDays 11/09/18 ,inkyDays110918.jpg,none
"Nov 08, 2018",inkyDays 11/08/18 ,inkyDays110818.jpg,none
"Nov 07, 2018",inkyDays 11/07/18 ,inkyDays110718.jpg,none
"Nov 06, 2018",inkyDays 11/06/18 ,inkyDays110618.jpg,none
"Nov 05, 2018",inkyDays 11/05/18 ,inkyDays110518.jpg,none
"Nov 04, 2018",inkyDays 11/04/18 ,inkyDays110418.jpg,none
"Nov 03, 2018",inkyDays 11/03/18 ,inkyDays110318.jpg,none
"Nov 02, 2018",inkyDays 11/02/18 ,inkyDays110218.jpg,none
"Nov 01, 2018",inkyDays 11/01/18 ,inkyDays110118.jpg,none
"Oct 31, 2018",inkyDays 10/31/18 ,inkyDays103118.jpg,none
"Oct 30, 2018",inkyDays 10/30/18 ,inkyDays103018.jpg,none
"Oct 29, 2018",inkyDays 10/29/18 ,inkyDays102918.jpg,none
"Oct 28, 2018",inkyDays 10/28/18 ,inkyDays102818.jpg,none
"Oct 27, 2018",inkyDays 10/27/18 ,inkyDays102718.jpg,none
"Oct 26, 2018",inkyDays 10/26/18 ,inkyDays102618.jpg,none
"Oct 25, 2018",inkyDays 10/25/18 ,inkyDays102518.jpg,none
"Oct 24, 2018",inkyDays 10/24/18 ,inkyDays102418.jpg,none
"Oct 23, 2018",inkyDays 10/23/18 ,inkyDays102318.jpg,none
"Oct 22, 2018",inkyDays 10/22/18 ,inkyDays102218.jpg,none
"Oct 21, 2018",inkyDays 10/21/18 ,inkyDays102118.jpg,none
"Oct 20, 2018",inkyDays 10/20/18 ,inkyDays102018.jpg,none
"Oct 19, 2018",inkyDays 10/19/18 ,inkyDays101918.jpg,none
"Oct 18, 2018",inkyDays 10/18/18 ,inkyDays101818.jpg,none
"Oct 17, 2018",inkyDays 10/17/18 ,inkyDays101718.jpg,none
"Oct 16, 2018",inkyDays 10/16/18 ,inkyDays101618.jpg,none
"Oct 15, 2018",inkyDays 10/15/18 ,inkyDays101518.jpg,none
"Oct 14, 2018",inkyDays 10/14/18 ,inkyDays101418.jpg,none
"Oct 13, 2018",inkyDays 10/13/18 ,inkyDays101318.jpg,none
"Oct 12, 2018",inkyDays 10/12/18 ,inkyDays101218.jpg,none
"Oct 11, 2018",inkyDays 10/11/18 ,inkyDays101118.jpg,none
"Oct 10, 2018",inkyDays 10/10/18 ,inkyDays101018.jpg,none
"Oct 09, 2018",inkyDays 10/09/18 ,inkyDays100918.jpg,none
"Oct 08, 2018",inkyDays 10/08/18 ,inkyDays100818.jpg,none
"Oct 07, 2018",inkyDays 10/07/18 ,inkyDays100718.jpg,none
"Oct 06, 2018",inkyDays 10/06/18 ,inkyDays100618.jpg,none
"Oct 05, 2018",inkyDays 10/05/18 ,inkyDays100518.jpg,none
"Oct 04, 2018",inkyDays 10/04/18 ,inkyDays100418.jpg,none
"Oct 03, 2018",inkyDays 10/03/18 ,inkyDays100318.jpg,none
"Oct 02, 2018",inkyDays 10/02/18 ,inkyDays100218.jpg,none
"Oct 01, 2018",inkyDays 10/01/18 ,inkyDays100118.jpg,none
"Sep 30, 2018",inkyDays 09/30/18 ,inkyDays093018.jpg,none
"Sep 29, 2018",inkyDays 09/29/18 ,inkyDays092918.jpg,none
"Sep 28, 2018",inkyDays 09/28/18 ,inkyDays092818.jpg,none
"Sep 27, 2018",inkyDays 09/27/18 ,inkyDays092718.jpg,none
"Sep 26, 2018",inkyDays 09/26/18 ,inkyDays092618.jpg,none
"Sep 25, 2018",inkyDays 09/25/18 ,inkyDays092518.jpg,none
"Sep 24, 2018",inkyDays 09/24/18 ,inkyDays092418.jpg,none
"Sep 23, 2018",inkyDays 09/23/18 ,inkyDays092318.jpg,none
"Sep 22, 2018",inkyDays 09/22/18 ,inkyDays092218.jpg,none
"Sep 21, 2018",inkyDays 09/21/18 ,inkyDays092118.jpg,none
"Sep 20, 2018",inkyDays 09/20/18 ,inkyDays092018.jpg,none
"Sep 19, 2018",inkyDays 09/19/18 ,inkyDays091918.jpg,none
"Sep 18, 2018",inkyDays 09/18/18 ,inkyDays091818.jpg,none
"Sep 17, 2018",inkyDays 09/17/18 ,inkyDays091718.jpg,none
"Sep 16, 2018",inkyDays 09/16/18 ,inkyDays091618.jpg,none
"Sep 15, 2018",inkyDays 09/15/18 ,inkyDays091518.jpg,none
"Sep 14, 2018",inkyDays 09/14/18 ,inkyDays091418.jpg,none
"Sep 13, 2018",inkyDays 09/13/18 ,inkyDays091318.jpg,none
"Sep 12, 2018",inkyDays 09/12/18 ,inkyDays091218.jpg,none
"Sep 11, 2018",inkyDays 09/11/18 ,inkyDays091118.jpg,none
"Sep 10, 2018",inkyDays 09/10/18 ,inkyDays091018.jpg,none
"Sep 09, 2018",inkyDays 09/09/18 ,inkyDays090918.jpg,none
"Sep 08, 2018",inkyDays 09/08/18 ,inkyDays090818.jpg,none
"Sep 07, 2018",inkyDays 09/07/18 ,inkyDays090718.jpg,none
"Sep 06, 2018",inkyDays 09/06/18 ,inkyDays090618.jpg,none
"Sep 05, 2018",inkyDays 09/05/18 ,inkyDays090518.jpg,none
"Sep 04, 2018",inkyDays 09/04/18 ,inkyDays090418.jpg,none
"Sep 03, 2018",inkyDays 09/03/18 ,inkyDays090318.jpg,none
"Sep 02, 2018",inkyDays 09/02/18 ,inkyDays090218.jpg,none
"Sep 01, 2018",inkyDays 09/01/18 ,inkyDays090118.jpg,none
"Aug 31, 2018",inkyDays 08/31/18 ,inkyDays083118.jpg,none
"Aug 30, 2018",inkyDays 08/30/18 ,inkyDays083018.jpg,none
"Aug 29, 2018",inkyDays 08/29/18 ,inkyDays082918.jpg,none
"Aug 28, 2018",inkyDays 08/28/18 ,inkyDays082818.jpg,none
"Aug 27, 2018",inkyDays 08/27/18 ,inkyDays082718.jpg,none
"Aug 26, 2018",inkyDays 08/26/18 ,inkyDays082618.jpg,none
"Aug 25, 2018",inkyDays 08/25/18 ,inkyDays082518.jpg,none
"Aug 24, 2018",inkyDays 08/24/18 ,inkyDays082418.jpg,none
"Aug 23, 2018",inkyDays 08/23/18 ,inkyDays082318.jpg,none
"Aug 22, 2018",inkyDays 08/22/18 ,inkyDays082218.jpg,none
"Aug 21, 2018",inkyDays 08/21/18 ,inkyDays082118.jpg,none
"Aug 20, 2018",inkyDays 08/20/18 ,inkyDays082018.jpg,none
"Aug 19, 2018",inkyDays 08/19/18 ,inkyDays081918.jpg,none
"Aug 18, 2018",inkyDays 08/18/18 ,inkyDays081818.jpg,none
"Aug 17, 2018",inkyDays 08/17/18 ,inkyDays081718.jpg,none
"Aug 16, 2018",inkyDays 08/16/18 ,inkyDays081618.jpg,none
"Aug 15, 2018",inkyDays 08/15/18 ,inkyDays081518.jpg,none
"Aug 14, 2018",inkyDays 08/14/18 ,inkyDays081418.jpg,none
"Aug 13, 2018",inkyDays 08/13/18 ,inkyDays081318.jpg,none
"Aug 12, 2018",inkyDays 08/12/18 ,inkyDays081218.jpg,none
"Aug 11, 2018",inkyDays 08/11/18 ,inkyDays081118.jpg,none
"Aug 10, 2018",inkyDays 08/10/18 ,inkyDays081018.jpg,none
"Aug 09, 2018",inkyDays 08/09/18 ,inkyDays080918.jpg,none
"Aug 08, 2018",inkyDays 08/08/18 ,inkyDays080818.jpg,none
"Aug 07, 2018",inkyDays 08/07/18 ,inkyDays080718.jpg,none
"Aug 06, 2018",inkyDays 08/06/18 ,inkyDays080618.jpg,none
"Aug 05, 2018",inkyDays 08/05/18 ,inkyDays080518.jpg,none
"Aug 04, 2018",inkyDays 08/04/18 ,inkyDays080418.jpg,none
"Aug 03, 2018",inkyDays 08/03/18 ,inkyDays080318.jpg,none
"Aug 02, 2018",inkyDays 08/02/18 ,inkyDays080218.jpg,none
"Aug 01, 2018",inkyDays 08/01/18 ,inkyDays080118.jpg,none
"Jul 31, 2018",inkyDays 07/31/18 ,inkyDays073118.jpg,none
"Jul 30, 2018",inkyDays 07/30/18 ,inkyDays073018.jpg,none
"Jul 29, 2018",inkyDays 07/29/18 ,inkyDays072918.jpg,none
"Jul 28, 2018",inkyDays 07/28/18 ,inkyDays072818.jpg,none
"Jul 27, 2018",inkyDays 07/27/18 ,inkyDays072718.jpg,none
"Jul 26, 2018",inkyDays 07/26/18 ,inkyDays072618.jpg,none
"Jul 25, 2018",inkyDays 07/25/18 ,inkyDays072518.jpg,none
"Jul 24, 2018",inkyDays 07/24/18 ,inkyDays072418.jpg,none
"Jul 23, 2018",inkyDays 07/23/18 ,inkyDays072318.jpg,none
"Jul 22, 2018",inkyDays 07/22/18 ,inkyDays072218.jpg,none
"Jul 21, 2018",inkyDays 07/21/18 ,inkyDays072118.jpg,none
"Jul 20, 2018",inkyDays 07/20/18 ,inkyDays072018.jpg,none
"Jul 19, 2018",inkyDays 07/19/18 ,inkyDays071918.jpg,none
"Jul 18, 2018",inkyDays 07/18/18 ,inkyDays071818.jpg,none
"Jul 17, 2018",inkyDays 07/17/18 ,inkyDays071718.jpg,none
"Jul 16, 2018",inkyDays 07/16/18 ,inkyDays071618.jpg,none
"Jul 15, 2018",inkyDays 07/15/18 ,inkyDays071518.jpg,none
"Jul 14, 2018",inkyDays 07/14/18 ,inkyDays071418.jpg,none
"Jul 13, 2018",inkyDays 07/13/18 ,inkyDays071318.jpg,none
"Jul 12, 2018",inkyDays 07/12/18 ,inkyDays071218.jpg,none
"Jul 11, 2018",inkyDays 07/11/18 ,inkyDays071118.jpg,none
"Jul 10, 2018",inkyDays 07/10/18 ,inkyDays071018.jpg,none
"Jul 09, 2018",inkyDays 07/09/18 ,inkyDays070918.jpg,none
"Jul 08, 2018",inkyDays 07/08/18 ,inkyDays070818.jpg,none
"Jul 07, 2018",inkyDays 07/07/18 ,inkyDays070718.jpg,none
"Jul 06, 2018",inkyDays 07/06/18 ,inkyDays070618.jpg,none
"Jul 05, 2018",inkyDays 07/05/18 ,inkyDays070518.jpg,none
"Jul 04, 2018",inkyDays 07/04/18 ,inkyDays070418.jpg,none
"Jul 03, 2018",inkyDays 07/03/18 ,inkyDays070318.jpg,none
"Jul 02, 2018",inkyDays 07/02/18 ,inkyDays070218.jpg,none
"Jul 01, 2018",inkyDays 07/01/18 ,inkyDays070118.jpg,none
"Jun 30, 2018",inkyDays 06/30/18 ,inkyDays063018.jpg,none
"Jun 29, 2018",inkyDays 06/29/18 ,inkyDays062918.jpg,none
"Jun 28, 2018",inkyDays 06/28/18 ,inkyDays062818.jpg,none
"Jun 27, 2018",inkyDays 06/27/18 ,inkyDays062718.jpg,none
"Jun 26, 2018",inkyDays 06/26/18 ,inkyDays062618.jpg,none
"Jun 25, 2018",inkyDays 06/25/18 ,inkyDays062518.jpg,none
"Jun 24, 2018",inkyDays 06/24/18 ,inkyDays062418.jpg,none
"Jun 23, 2018",inkyDays 06/23/18 ,inkyDays062318.jpg,none
"Jun 22, 2018",inkyDays 06/22/18 ,inkyDays062218.jpg,none
"Jun 21, 2018",inkyDays 06/21/18 ,inkyDays062118.jpg,none
"Jun 20, 2018",inkyDays 06/20/18 ,inkyDays062018.jpg,none
"Jun 19, 2018",inkyDays 06/19/18 ,inkyDays061918.jpg,none
"Jun 18, 2018",inkyDays 06/18/18 ,inkyDays061818.jpg,none
"Jun 17, 2018",inkyDays 06/17/18 ,inkyDays061718.jpg,none
"Jun 16, 2018",inkyDays 06/16/18 ,inkyDays061618.jpg,none
"Jun 15, 2018",inkyDays 06/15/18 ,inkyDays061518.jpg,none
"Jun 14, 2018",inkyDays 06/14/18 ,inkyDays061418.jpg,none
"Jun 13, 2018",inkyDays 06/13/18 ,inkyDays061318.jpg,none
"Jun 12, 2018",inkyDays 06/12/18 ,inkyDays061218.jpg,none
"Jun 11, 2018",inkyDays 06/11/18 ,inkyDays061118.jpg,none
"Jun 10, 2018",inkyDays 06/10/18 ,inkyDays061018.jpg,none
"Jun 09, 2018",inkyDays 06/09/18 ,inkyDays060918.jpg,none
"Jun 08, 2018",inkyDays 06/08/18 ,inkyDays060818.jpg,none
"Jun 07, 2018",inkyDays 06/07/18 ,inkyDays060718.jpg,none
"Jun 06, 2018",inkyDays 06/06/18 ,inkyDays060618.jpg,none
"Jun 05, 2018",inkyDays 06/05/18 ,inkyDays060518.jpg,none
"Jun 04, 2018",inkyDays 06/04/18 ,inkyDays060418.jpg,none
"Jun 03, 2018",inkyDays 06/03/18 ,inkyDays060318.jpg,none
"Jun 02, 2018",inkyDays 06/02/18 ,inkyDays060218.jpg,none
"Jun 01, 2018",inkyDays 06/01/18 ,inkyDays060118.jpg,none
"Jun 30, 2018",inkyDays 06/30/18 ,inkyDays063018.jpg,none
"May 31, 2018",inkyDays 05/31/18 ,inkyDays053118.jpg,none
"May 30, 2018",inkyDays 05/30/18 ,inkyDays053018.jpg,none
"May 29, 2018",inkyDays 05/29/18 ,inkyDays052918.jpg,none
"May 28, 2018",inkyDays 05/28/18 ,inkyDays052818.jpg,none
"May 27, 2018",inkyDays 05/27/18 ,inkyDays052718.jpg,none
"May 26, 2018",inkyDays 05/26/18 ,inkyDays052618.jpg,none
"May 25, 2018",inkyDays 05/25/18 ,inkyDays052518.jpg,none
"May 24, 2018",inkyDays 05/24/18 ,inkyDays052418.jpg,none
"May 23, 2018",inkyDays 05/23/18 ,inkyDays052318.jpg,none
"May 22, 2018",inkyDays 05/22/18 ,inkyDays052218.jpg,none
"May 21, 2018",inkyDays 05/21/18 ,inkyDays052118.jpg,none
"May 20, 2018",inkyDays 05/20/18 ,inkyDays052018.jpg,none
"May 19, 2018",inkyDays 05/19/18 ,inkyDays051918.jpg,none
"May 18, 2018",inkyDays 05/18/18 ,inkyDays051818.jpg,none
"May 17, 2018",inkyDays 05/17/18 ,inkyDays051718.jpg,none
"May 16, 2018",inkyDays 05/16/18 ,inkyDays051618.jpg,none
"May 15, 2018",inkyDays 05/15/18 ,inkyDays051518.jpg,none
"May 14, 2018",inkyDays 05/14/18 ,inkyDays051418.jpg,none
"May 13, 2018",inkyDays 05/13/18 ,inkyDays051318.jpg,none
"May 12, 2018",inkyDays 05/12/18 ,inkyDays051218.jpg,none
"May 11, 2018",inkyDays 05/11/18 ,inkyDays051118.jpg,none
"May 10, 2018",inkyDays 05/10/18 ,inkyDays051018.jpg,none
"May 09, 2018",inkyDays 05/09/18 ,inkyDays050918.jpg,none
"May 08, 2018",inkyDays 05/08/18 ,inkyDays050818.jpg,none
"May 07, 2018",inkyDays 05/07/18 ,inkyDays050718.jpg,none
"May 06, 2018",inkyDays 05/06/18 ,inkyDays050618.jpg,none
"May 05, 2018",inkyDays 05/05/18 ,inkyDays050518.jpg,none
"May 04, 2018",inkyDays 05/04/18 ,inkyDays050418.jpg,none
"May 03, 2018",inkyDays 05/03/18 ,inkyDays050318.jpg,none
"May 02, 2018",inkyDays 05/02/18 ,inkyDays050218.jpg,none
"May 01, 2018",inkyDays 05/01/18 ,inkyDays050118.jpg,none
"Apr 30, 2018",inkyDays 04/30/18 ,inkyDays043018.jpg,none
"Apr 29, 2018",inkyDays 04/29/18 ,inkyDays042918.jpg,none
"Apr 28, 2018",inkyDays 04/28/18 ,inkyDays042818.jpg,none
"Apr 27, 2018",inkyDays 04/27/18 ,inkyDays042718.jpg,none
"Apr 26, 2018",inkyDays 04/26/18 ,inkyDays042618.jpg,none
"Apr 25, 2018",inkyDays 04/25/18 ,inkyDays042518.jpg,none
"Apr 24, 2018",inkyDays 04/24/18 ,inkyDays042418.jpg,none
"Apr 23, 2018",inkyDays 04/23/18 ,inkyDays042318.jpg,none
"Apr 22, 2018",inkyDays 04/22/18 ,inkyDays042218.jpg,none
"Apr 21, 2018",inkyDays 04/21/18 ,inkyDays042118.jpg,none
"Apr 20, 2018",inkyDays 04/20/18 ,inkyDays042018.jpg,none
"Apr 19, 2018",inkyDays 04/19/18 ,inkyDays041918.jpg,none
"Apr 18, 2018",inkyDays 04/18/18 ,inkyDays041818.jpg,none
"Apr 17, 2018",inkyDays 04/17/18 ,inkyDays041718.jpg,none
"Apr 16, 2018",inkyDays 04/16/18 ,inkyDays041618.jpg,none
"Apr 15, 2018",inkyDays 04/15/18 ,inkyDays041518.jpg,none
"Apr 14, 2018",inkyDays 04/14/18 ,inkyDays041418.jpg,none
"Apr 13, 2018",inkyDays 04/13/18 ,inkyDays041318.jpg,none
"Apr 12, 2018",inkyDays 04/12/18 ,inkyDays041218.jpg,none
"Apr 11, 2018",inkyDays 04/11/18 ,inkyDays041118.jpg,none
"Apr 10, 2018",inkyDays 04/10/18 ,inkyDays041018.jpg,none
"Apr 09, 2018",inkyDays 04/09/18 ,inkyDays040918.jpg,none
"Apr 08, 2018",inkyDays 04/08/18 ,inkyDays040818.jpg,none
"Apr 07, 2018",inkyDays 04/07/18 ,inkyDays040718.jpg,none
"Apr 06, 2018",inkyDays 04/06/18 ,inkyDays040618.jpg,none
"Apr 05, 2018",inkyDays 04/05/18 ,inkyDays040518.jpg,none
"Apr 04, 2018",inkyDays 04/04/18 ,inkyDays040418.jpg,none
"Apr 03, 2018",inkyDays 04/03/18 ,inkyDays040318.jpg,none
"Apr 02, 2018",inkyDays 04/02/18 ,inkyDays040218.jpg,none
"Apr 01, 2018",inkyDays 04/01/18 ,inkyDays040118.jpg,none
"Mar 31, 2018",inkyDays 03/31/18 ,inkyDays033118.jpg,none
"Mar 30, 2018",inkyDays 03/30/18 ,inkyDays033018.jpg,none
"Mar 29, 2018",inkyDays 03/29/18 ,inkyDays032918.jpg,none
"Mar 28, 2018",inkyDays 03/28/18 ,inkyDays032818.jpg,none
"Mar 27, 2018",inkyDays 03/27/18 ,inkyDays032718.jpg,none
"Mar 26, 2018",inkyDays 03/26/18 ,inkyDays032618.jpg,none
"Mar 25, 2018",inkyDays 03/25/18 ,inkyDays032518.jpg,none
"Mar 24, 2018",inkyDays 03/24/18 ,inkyDays032418.jpg,none
"Mar 23, 2018",inkyDays 03/23/18 ,inkyDays032318.jpg,none
"Mar 22, 2018",inkyDays 03/22/18 ,inkyDays032218.jpg,none
"Mar 21, 2018",inkyDays 03/21/18 ,inkyDays032118.jpg,none
"Mar 20, 2018",inkyDays 03/20/18 ,inkyDays032018.jpg,none
"Mar 19, 2018",inkyDays 03/19/18 ,inkyDays031918.jpg,none
"Mar 18, 2018",inkyDays 03/18/18 ,inkyDays031818.jpg,none
"Mar 17, 2018",inkyDays 03/17/18 ,inkyDays031718.jpg,none
"Mar 16, 2018",inkyDays 03/16/18 ,inkyDays031618.jpg,none
"Mar 15, 2018",inkyDays 03/15/18 ,inkyDays031518.jpg,none
"Mar 14, 2018",inkyDays 03/14/18 ,inkyDays031418.jpg,none
"Mar 13, 2018",inkyDays 03/13/18 ,inkyDays031318.jpg,none
"Mar 12, 2018",inkyDays 03/12/18 ,inkyDays031218.jpg,none
"Mar 11, 2018",inkyDays 03/11/18 ,inkyDays031118.jpg,none
"Mar 10, 2018",inkyDays 03/10/18 ,inkyDays031018.jpg,none
"Mar 09, 2018",inkyDays 03/09/18 ,inkyDays030918.jpg,none
"Mar 08, 2018",inkyDays 03/08/18 ,inkyDays030818.jpg,none
"Mar 07, 2018",inkyDays 03/07/18 ,inkyDays030718.jpg,none
"Mar 06, 2018",inkyDays 03/06/18 ,inkyDays030618.jpg,none
"Mar 05, 2018",inkyDays 03/05/18 ,inkyDays030518.jpg,none
"Mar 04, 2018",inkyDays 03/04/18 ,inkyDays030418.jpg,none
"Mar 03, 2018",inkyDays 03/03/18 ,inkyDays030318.jpg,none
"Mar 02, 2018",inkyDays 03/02/18 ,inkyDays030218.jpg,none
"Mar 01, 2018",inkyDays 03/01/18 ,inkyDays030118.jpg,none
"Feb 28, 2018",inkyDays 02/28/18 ,inkyDays022818.jpg,none
"Feb 27, 2018",inkyDays 02/27/18 ,inkyDays022718.jpg,none
"Feb 26, 2018",inkyDays 02/26/18 ,inkyDays022618.jpg,none
"Feb 25, 2018",inkyDays 02/25/18 ,inkyDays022518.jpg,none
"Feb 24, 2018",inkyDays 02/24/18 ,inkyDays022418.jpg,none
"Feb 23, 2018",inkyDays 02/23/18 ,inkyDays022318.jpg,none
"Feb 22, 2018",inkyDays 02/22/18 ,inkyDays022218.jpg,none
"Feb 21, 2018",inkyDays 02/21/18 ,inkyDays022118.jpg,none
"Feb 20, 2018",inkyDays 02/20/18 ,inkyDays022018.jpg,none
"Feb 19, 2018",inkyDays 02/19/18 ,inkyDays021918.jpg,none
"Feb 18, 2018",inkyDays 02/18/18 ,inkyDays021818.jpg,none
"Feb 17, 2018",inkyDays 02/17/18 ,inkyDays021718.jpg,none
"Feb 16, 2018",inkyDays 02/16/18 ,inkyDays021618.jpg,none
"Feb 15, 2018",inkyDays 02/15/18 ,inkyDays021518.jpg,none
"Feb 14, 2018",inkyDays 02/14/18 ,inkyDays021418.jpg,none
"Feb 13, 2018",inkyDays 02/13/18 ,inkyDays021318.jpg,none
"Feb 12, 2018",inkyDays 02/12/18 ,inkyDays021218.jpg,none
"Feb 11, 2018",inkyDays 02/11/18 ,inkyDays021118.jpg,none
"Feb 10, 2018",inkyDays 02/10/18 ,inkyDays021018.jpg,none
"Feb 09, 2018",inkyDays 02/09/18 ,inkyDays020918.jpg,none
"Feb 08, 2018",inkyDays 02/08/18 ,inkyDays020818.jpg,none
"Feb 07, 2018",inkyDays 02/07/18 ,inkyDays020718.jpg,none
"Feb 06, 2018",inkyDays 02/06/18 ,inkyDays020618.jpg,none
"Feb 05, 2018",inkyDays 02/05/18 ,inkyDays020518.jpg,none
"Feb 04, 2018",inkyDays 02/04/18 ,inkyDays020418.jpg,none
"Feb 03, 2018",inkyDays 02/03/18 ,inkyDays020318.jpg,none
"Feb 02, 2018",inkyDays 02/02/18 ,inkyDays020218.jpg,none
"Feb 01, 2018",inkyDays 02/01/18 ,inkyDays020118.jpg,none
"Jan 31, 2018",inkyDays 01/31/18 ,inkyDays013118.jpg,none
"Jan 30, 2018",inkyDays 01/30/18 ,inkyDays013018.jpg,none
"Jan 29, 2018",inkyDays 01/29/18 ,inkyDays012918.jpg,none
"Jan 28, 2018",inkyDays 01/28/18 ,inkyDays012818.jpg,none
"Jan 27, 2018",inkyDays 01/27/18 ,inkyDays012718.jpg,none
"Jan 26, 2018",inkyDays 01/26/18 ,inkyDays012618.jpg,none
"Jan 25, 2018",inkyDays 01/25/18 ,inkyDays012518.jpg,none
"Jan 24, 2018",inkyDays 01/24/18 ,inkyDays012418.jpg,none
"Jan 23, 2018",inkyDays 01/23/18 ,inkyDays012318.jpg,none
"Jan 22, 2018",inkyDays 01/22/18 ,inkyDays012218.jpg,none
"Jan 21, 2018",inkyDays 01/21/18 ,inkyDays012118.jpg,none
"Jan 20, 2018",inkyDays 01/20/18 ,inkyDays012018.jpg,none
"Jan 19, 2018",inkyDays 01/19/18 ,inkyDays011918.jpg,none
"Jan 18, 2018",inkyDays 01/18/18 ,inkyDays011818.jpg,none
"Jan 17, 2018",inkyDays 01/17/18 ,inkyDays011718.jpg,none
"Jan 16, 2018",inkyDays 01/16/18 ,inkyDays011618.jpg,none
"Jan 15, 2018",inkyDays 01/15/18 ,inkyDays011518.jpg,none
"Jan 14, 2018",inkyDays 01/14/18 ,inkyDays011418.jpg,none
"Jan 13, 2018",inkyDays 01/13/18 ,inkyDays011318.jpg,none
"Jan 12, 2018",inkyDays 01/12/18 ,inkyDays011218.jpg,none
"Jan 11, 2018",inkyDays 01/11/18 ,inkyDays011118.jpg,none
"Jan 10, 2018",inkyDays 01/10/18 ,inkyDays011018.jpg,none
"Jan 09, 2018",inkyDays 01/09/18 ,inkyDays010918.jpg,none
"Jan 08, 2018",inkyDays 01/08/18 ,inkyDays010818.jpg,none
"Jan 07, 2018",inkyDays 01/07/18 ,inkyDays010718.jpg,none
"Jan 06, 2018",inkyDays 01/06/18 ,inkyDays010618.jpg,none
"Jan 05, 2018",inkyDays 01/05/18 ,inkyDays010518.jpg,none
"Jan 04, 2018",inkyDays 01/04/18 ,inkyDays010418.jpg,none
"Jan 03, 2018",inkyDays 01/03/18 ,inkyDays010318.jpg,none
"Jan 02, 2018",inkyDays 01/02/18 ,inkyDays010218.jpg,none
"Jan 01, 2018",inkyDays 01/01/18 ,inkyDays010118.jpg,none
"Dec 31, 2017",inkyDays 12/31/17 ,inkyDays123117.jpg,none
"Dec 30, 2017",inkyDays 12/30/17 ,inkyDays123017.jpg,none
"Dec 29, 2017",inkyDays 12/291/17 ,inkyDays122917.jpg,none
"Dec 28, 2017",inkyDays 12/28/17 ,inkyDays122817.jpg,none
"Dec 27, 2017",inkyDays 12/27/17 ,inkyDays122717.jpg,none
"Dec 26, 2017",inkyDays 12/26/17 ,inkyDays122617.jpg,none
"Dec 25, 2017",inkyDays 12/25/17 ,inkyDays122517.jpg,none
"Dec 24, 2017",inkyDays 12/24/17 ,inkyDays122417.jpg,none
"Dec 23, 2017",inkyDays 12/23/17 ,inkyDays122317.jpg,none
"Dec 22, 2017",inkyDays 12/22/17 ,inkyDays122217.jpg,none
"Dec 21, 2017",inkyDays 12/21/17 ,inkyDays122117.jpg,none
"Dec 20, 2017",inkyDays 12/20/17 ,inkyDays122017.jpg,none
"Dec 19, 2017",inkyDays 12/19/17 ,inkyDays121917.jpg,none
"Dec 18, 2017",inkyDays 12/18/17 ,inkyDays121817.jpg,none
"Dec 17, 2017",inkyDays 12/17/17 ,inkyDays121717.jpg,none
"Dec 16, 2017",inkyDays 12/16/17 ,inkyDays121617.jpg,none
"Dec 15, 2017",inkyDays 12/15/17 ,inkyDays121517.jpg,none
"Dec 14, 2017",inkyDays 12/14/17 ,inkyDays121417.jpg,none
"Dec 13, 2017",inkyDays 12/13/17 ,inkyDays121317.jpg,none
"Dec 12, 2017",inkyDays 12/12/17 ,inkyDays121217.jpg,none
"Dec 11, 2017",inkyDays 12/11/17 ,inkyDays121117.jpg,none
"Dec 10, 2017",inkyDays 12/10/17 ,inkyDays121017.jpg,none
"Dec 09, 2017",inkyDays 12/09/17 ,inkyDays120917.jpg,none
"Dec 08, 2017",inkyDays 12/08/17 ,inkyDays120817.jpg,none
"Dec 07, 2017",inkyDays 12/07/17 ,inkyDays120717.jpg,none
"Dec 06, 2017",inkyDays 12/06/17 ,inkyDays120617.jpg,none
"Dec 05, 2017",inkyDays 12/05/17 ,inkyDays120517.jpg,none
"Dec 04, 2017",inkyDays 12/04/17 ,inkyDays120417.jpg,none
"Dec 03, 2017",inkyDays 12/03/17 ,inkyDays120317.jpg,none
"Dec 02, 2017",inkyDays 12/02/17 ,inkyDays120217.jpg,none
"Dec 01, 2017",inkyDays 12/01/17 ,inkyDays120117.jpg,none
"Nov 30, 2017",inkyDays 11/30/17 ,inkyDays113017.jpg,none
"Nov 29, 2017",inkyDays 11/29/17 ,inkyDays112917.jpg,none
"Nov 28, 2017",inkyDays 11/28/17 ,inkyDays112817.jpg,none
"Nov 27, 2017",inkyDays 11/27/17 ,inkyDays112717.jpg,none
"Nov 26, 2017",inkyDays 11/26/17 ,inkyDays112617.jpg,none
"Nov 25, 2017",inkyDays 11/25/17 ,inkyDays112517.jpg,none
"Nov 24, 2017",inkyDays 11/24/17 ,inkyDays112417.jpg,none
"Nov 23, 2017",inkyDays 11/23/17 ,inkyDays112317.jpg,none
"Nov 22, 2017",inkyDays 11/22/17 ,inkyDays112217.jpg,none
"Nov 21, 2017",inkyDays 11/21/17 ,inkyDays112117.jpg,none
"Nov 20, 2017",inkyDays 11/20/17 ,inkyDays112017.jpg,none
"Nov 19, 2017",inkyDays 11/19/17 ,inkyDays111917.jpg,none
"Nov 18, 2017",inkyDays 11/18/17 ,inkyDays111817.jpg,none
"Nov 17, 2017",inkyDays 11/17/17 ,inkyDays111717.jpg,none
"Nov 16, 2017",inkyDays 11/16/17 ,inkyDays111617.jpg,none
"Nov 15, 2017",inkyDays 11/15/17 ,inkyDays111517.jpg,none
"Nov 14, 2017",inkyDays 11/14/17 ,inkyDays111417.jpg,none
"Nov 13, 2017",inkyDays 11/13/17 ,inkyDays111317.jpg,none
"Nov 12, 2017",inkyDays 11/12/17 ,inkyDays111217.jpg,none
"Nov 11, 2017",inkyDays 11/11/17 ,inkyDays111117.jpg,none
"Nov 10, 2017",inkyDays 11/10/17 ,inkyDays111017.jpg,none
"Nov 09, 2017",inkyDays 11/09/17 ,inkyDays110917.jpg,none
"Nov 08, 2017",inkyDays 11/08/17 ,inkyDays110817.jpg,none
"Nov 07, 2017",inkyDays 11/07/17 ,inkyDays110717.jpg,none
"Nov 06, 2017",inkyDays 11/06/17 ,inkyDays110617.jpg,none
"Nov 05, 2017",inkyDays 11/05/17 ,inkyDays110517.jpg,none
"Nov 04, 2017",inkyDays 11/04/17 ,inkyDays110417.jpg,none
"Nov 03, 2017",inkyDays 11/03/17 ,inkyDays110317.jpg,none
"Nov 02, 2017",inkyDays 11/02/17 ,inkyDays110217.jpg,none
"Nov 01, 2017",inkyDays 11/01/17 ,inkyDays110117.jpg,none
"Oct 31, 2017",inkyDays 10/31/17 ,inktober103117.jpg,none
"Oct 30, 2017",inkyDays 10/30/17 ,inktober103017.jpg,none
"Oct 29, 2017",inkyDays 10/29/17 ,inktober102917.jpg,none
"Oct 28, 2017",inkyDays 10/28/17 ,inktober102817.jpg,none
"Oct 27, 2017",inkyDays 10/27/17 ,inktober102717.jpg,none
"Oct 26, 2017",inkyDays 10/26/17 ,inktober102617.jpg,none
"Oct 25, 2017",inkyDays 10/25/17 ,inktober102517.jpg,none
"Oct 24, 2017",inkyDays 10/24/17 ,inktober102417.jpg,none
"Oct 23, 2017",inkyDays 10/23/17 ,inktober102317.jpg,none
"Oct 22, 2017",inkyDays 10/22/17 ,inktober102217.jpg,none
"Oct 21, 2017",inkyDays 10/21/17 ,inktober102117.jpg,none
"Oct 20, 2017",inkyDays 10/20/17 ,inktober102017.jpg,none
"Oct 19, 2017",inkyDays 10/19/17 ,inktober101917.jpg,none
"Oct 18, 2017",inkyDays 10/18/17 ,inktober101817.jpg,none
"Oct 17, 2017",inkyDays 10/17/17 ,inktober101717.jpg,none
"Oct 16, 2017",inkyDays 10/16/17 ,inktober101617.jpg,none
"Oct 15, 2017",inkyDays 10/15/17 ,inktober101517.jpg,none
"Oct 14, 2017",inkyDays 10/14/17 ,inktober101417.jpg,none
"Oct 13, 2017",inkyDays 10/13/17 ,inktober101317.jpg,none
"Oct 12, 2017",inkyDays 10/12/17 ,inktober101217.jpg,none
"Oct 11, 2017",inkyDays 10/11/17 ,inktober101117.jpg,none
"Oct 10, 2017",inkyDays 10/10/17 ,inktober101017.jpg,none
"Oct 09, 2017",inkyDays 10/09/17 ,inktober100917.jpg,none
"Oct 08, 2017",inkyDays 10/08/17 ,inktober100817.jpg,none
"Oct 07, 2017",inkyDays 10/07/17 ,inktober100717.jpg,none
"Oct 06, 2017",inkyDays 10/06/17 ,inktober100617.jpg,none
"Oct 05, 2017",inkyDays 10/05/17 ,inktober100517.jpg,none
"Oct 04, 2017",inkyDays 10/04/17 ,inktober100417.jpg,none
"Oct 03, 2017",inkyDays 10/03/17 ,inktober100317.jpg,none
"Oct 02, 2017",inkyDays 10/02/17 ,inktober100217.jpg,none
"Oct 01, 2017",inkyDays 10/01/17 ,inktober100117.jpg,none