DATE,FILE,COLORS,HEX
2017-10-01,inktober100117_3.jpg,Brush blue,#1D669D
2017-10-02,inktober100217_1.jpg,Venice blue,#324F6B
2017-10-03,Inktober100317.jpg,Venice blue,#324F6B
2017-10-04,inktober100417.jpg,Venice blue,#324F6B
2017-10-05,inktober100517_2.jpg,"Sepia brown,Venice blue,Green,PurpleLilac,Yellow-grn","#56433F,#324F6B,#245A40,#744E7F,#A2A942"
2017-10-06,Inktober100617_2.jpg,"sepia brown,Venice blue,Green,Teal","#56433F,#324F6B,#245A40,#07667A"
2017-10-07,inktober100717_0.jpg,Teal,#07667A
2017-10-08,Inktober100817_3.jpg,Venice blue,#324F6B
2017-10-09,inktober100917_1.jpg,Teal,#07667A
2017-10-10,inktober101017_1.jpg,Venice blue,#324F6B
2017-10-11,inktober101117_1.jpg,"Venice blue,Aqua blue","#324F6B,#134E70"
2017-10-12,inktober101217_1.jpg,"Teal,Yellow-grn","#07667A,#A2A942"
2017-10-13,inktober101317_1.jpg,"Purple,Navy blue,Aqua blue","#134E70,#17256C,#5D3E67"
2017-10-14,inktober101417_1.jpg,"Sepia brown,Purple,Navy blue,Aqua blue","#56433F,#5D3E67,#17256C,#134E70"
2017-10-15,Inktober101517_1.jpg,"Sepia brown,Navy blue","#56433F,#17256C"
2017-10-16,inktober101617_1.jpg,"Sepia brown,Purple,Navy blue,Aqua blue","#56433F,#5D3E67,#17256C,#134E70"
2017-10-17,inktober101717_1.jpg,Black,#000000
2017-10-18,inktober101817_1.jpg,"Sepia brown,Navy blue","#56433F,#17256C"
2017-10-19,inktober101917_1.jpg,black,#000000
2017-10-20,inktober102017_1.jpg,"Sepia brown,Aqua blue","#56433F,#134E70"
2017-10-21,inktober102117_1.jpg,"Black,Sepia brown,Purple,Navy blue,Green","#000000,#56433F,#5D3E67,#17256C,#245A40"
2017-10-22,inktober102217_1.jpg,Navy blue,#17256C
2017-10-23,inktober102317_3.jpg,"Sepia brown,Navy blue","#56433F,#17256C"
2017-10-24,inktober102417_1.jpg,"Sepia brown,Navy blue","#56433F,#17256C"
2017-10-25,Inktober102517_4.jpg,"Sepia brown,Navy blue","#56433F,#17256C"
2017-10-26,inktober102617_1.jpg,"Sepia brown,Navy blue","#56433F,#17256C"
2017-10-27,inktober102717_1.jpg,"Sepia brown,Navy blue,Green","#56433F,#17256C,#245A40"
2017-10-28,inktober102817_1.jpg,"Sepia brown,Navy blue","#56433F,#17256C"
2017-10-29,inktober102917_1.jpg,"Sepia brown,Navy blue","#56433F,#17256C"
2017-10-30,inktober103017_1.jpg,"Sepia brown,Teal","#56433F,#07667A"
2017-10-31,inktober103117_1.jpg,"Sepia brown,Red","#56433F,#9B515E"
2017-11-01,inkyDays110117.jpg,"Sepia brown,Aqua blue","#56433F,#134E70"
2017-11-02,inkyDays110217.jpg,"Sepia brown,Aqua blue","#56433F,#134E70"
2017-11-03,inkyDays110317.jpg,"Sepia brown,Aqua blue","#56433F,#134E70"
2017-11-04,inkyDays110417.jpg,Navy blue,#17256C
2017-11-05,inkyDays110517.jpg,"Sepia brown,Navy blue,Aqua blue","#56433F,#17256C,#134E70"
2017-11-06,inkyDays110617.jpg,"Sepia brown,Navy blue","#56433F,#17256C"
2017-11-07,inkyDays110717.jpg,"Sepia brown,Navy blue,Aqua blue","#56433F,#17256C,#134E70"
2017-11-08,inkyDays110817.jpg,"Sepia brown,Navy blue","#56433F,#17256C"
2017-11-09,inkyDays110917.jpg,Navy blue,#17256C
2017-11-10,inkyDays111017.jpg,"Sepia brown,Aqua blue","#56433F,#134E70"
2017-11-11,inkyDays111117.jpg,"Sepia brown,Navy blue,Aqua blue","#56433F,#17256C,#134E70"
2017-11-12,inkyDays111217.jpg,"Sepia brown,Teal,Aqua blue","#56433F,#07667A,#134E70"
2017-11-13,inkyDays111317.jpg,"Sepia brown,Aqua blue","#56433F,#134E70"
2017-11-14,inkyDays111417.jpg,"Sepia brown,Navy blue","#56433F,#17256C"
2017-11-15,inkyDays111517.jpg,"Sepia brown,Aqua blue","#56433F,#134E70"
2017-11-16,inkyDays111617.jpg,"Sepia brown,Navy blue","#56433F,#17256C"
2017-11-17,inkyDays111717.jpg,"Sepia brown,Aqua blue","#56433F,#134E70"
2017-11-18,inkyDays111817.jpg,Sepia brown,#56433F
2017-11-19,inkyDays111917.jpg,Sepia brown,#56433F
2017-11-20,inkyDays112017.jpg,"Sepia brown,Navy blue","#56433F,#17256C"
2017-11-21,inkyDays112117.jpg,"Sepia brown,Aqua blue","#56433F,#134E70"
2017-11-22,inkyDays112217.jpg,"Purple,Navy blue","#5D3E67,#17256C"
2017-11-23,inkyDays112317.jpg,"Purple,Navy blue","#5D3E67,#17256C"
2017-11-24,inkyDays112417.jpg,"Sepia brown,Navy blue","#56433F,#17256C"
2017-11-25,inkyDays112517.jpg,"Sepia brown,Navy blue","#56433F,#17256C"
2017-11-26,inkyDays112617.jpg,"Sepia brown,Aqua blue","#56433F,#134E70"
2017-11-27,inkyDays112717.jpg,Sepia brown,#56433F
2017-11-28,inkyDays112817.jpg,Sepia brown,#56433F
2017-11-29,inkyDays112917.jpg,"Sepia brown,Navy blue,Aqua blue","#56433F,#17256C,#134E70"
2017-11-30,inkyDays113017.jpg,"Sepia brown,Aqua blue","#56433F,#134E70"
2017-12-01,inkyDays120117.jpg,"Sepia brown,Navy blue","#56433F,#17256C"
2017-12-02,inkyDays120217.jpg,"Purple,Navy blue","#5D3E67,#17256C"
2017-12-03,inkyDays120317.jpg,"Sepia brown,Navy blue","#56433F,#17256C"
2017-12-04,inkyDays120417.jpg,"Sepia brown,Navy blue","#56433F,#17256C"
2017-12-05,inkyDays120517.jpg,"Sepia brown,Aqua blue","#56433F,#134E70"
2017-12-06,inkyDays120617.jpg,"Sepia brown,Navy blue","#56433F,#17256C"
2017-12-07,inkyDays120717.jpg,"Sepia brown,Navy blue","#56433F,#17256C"
2017-12-08,inkyDays120817.jpg,"Sepia brown,Navy blue","#56433F,#17256C"
2017-12-09,inkyDays120917.jpg,"Sepia brown,Navy blue","#56433F,#17256C"
2017-12-10,inkyDays121017.jpg,"Sepia brown,Navy blue,Aqua blue","#56433F,#17256C,#134E70"
2017-12-11,inkyDays121117.jpg,Sepia brown,#56433F
2017-12-12,inkyDays121217_2.jpg,"Sepia brown,Navy blue","#56433F,#17256C"
2017-12-13,inkyDays121317.jpg,"Sepia brown,Navy blue,Aqua blue","#56433F,#17256C,#134E70"
2017-12-14,inkyDays121417.jpg,"Sepia brown,Navy blue,Green","#56433F,#17256C,#245A40"
2017-12-15,inkyDays121517.jpg,"Sepia brown,Navy blue","#56433F,#17256C"
2017-12-16,inkyDays121617.jpg,"Sepia brown,Purple,Navy blue","#56433F,#5D3E67,#17256C"
2017-12-17,inkyDays121717.jpg,"Sepia brown,Navy blue","#56433F,#17256C"
2017-12-18,inkyDays121817.jpg,"Sepia brown,Navy blue,Aqua blue","#56433F,#17256C,#134E70"
2017-12-19,inkyDays121917.jpg,"Sepia brown,Aqua blue","#56433F,#134E70"
2017-12-20,inkyDays122017.jpg,"Sepia brown,Navy blue","#56433F,#17256C"
2017-12-21,inkyDays122117.jpg,"Sepia brown,Navy blue","#56433F,#17256C"
2017-12-22,inkyDays122217.jpg,"Sepia brown,Navy blue","#56433F,#17256C"
2017-12-23,inkyDays122317.jpg,"Sepia brown,Navy blue","#56433F,#17256C"
2017-12-24,inkyDays122417.jpg,"Sepia brown,Navy blue,Aqua blue","#56433F,#17256C,#134E70"
2017-12-25,inkyDays122517.jpg,"Sepia brown,Navy blue","#56433F,#17256C"
2017-12-26,inkyDays122617.jpg,"Black,purple,Rose pink","#000000,#5D3E67,#EE82EE"
2017-12-27,inkyDays122717.jpg,Black ballpoint,#000000
2017-12-28,inkyDays122817.jpg,Black ballpoint,#000000
2017-12-29,inkyDays122917.jpg,Black ballpoint,#000000
2017-12-30,inkyDays123017.jpg,Black ballpoint,#000000
2017-12-31,inkyDays123117.jpg,Black ballpoint,#000000
2018-01-01,inkyDays010118.jpg,Black ballpoint,#000000
2018-01-02,inkyDays010218.jpg,"Sepia brown,Navy blue","#56433F,#17256C"
2018-01-03,inkyDays010318.jpg,"Sepia brown,Navy blue","#56433F,#17256C"
2018-01-04,inkyDays010418.jpg,"Sepia brown,Navy blue","#56433F,#17256C"
2018-01-05,inkyDays010518.jpg,"Avocado,Sepia brown","#23481C,#56433F"
2018-01-06,inkyDays010618.jpg,"Avocado,Sepia brown,Navy blue","#23481C,#56433F,#17256C"
2018-01-07,inkyDays010718.jpg,"Navy blue,Aqua blue","#17256C,#134E70"
2018-01-08,inkyDays010818.jpg,"Sepia brown,Navy blue","#56433F,#17256C"
2018-01-09,inkyDays010918.jpg,"Sepia brown,Navy blue","#56433F,#17256C"
2018-01-10,inkyDays011018.jpg,"Sepia brown,Navy blue","#56433F,#17256C"
2018-01-11,inkyDays011118.jpg,"Sepia brown,Navy blue","#56433F,#17256C"
2018-01-12,inkyDays011218.jpg,"Avocado,Sepia brown","#23481C,#56433F"
2018-01-13,inkyDays011318.jpg,"Sepia brown,Navy blue","#56433F,#17256C"
2018-01-14,inkyDays011418.jpg,"Rust Red,Navy blue","#672E34,#17256C"
2018-01-15,inkyDays011518.jpg,"Rust Red,Navy blue","#672E34,#17256C"
2018-01-16,inkyDays011618.jpg,"Sepia brown,Navy blue","#56433F,#17256C"
2018-01-17,inkyDays011718.jpg,"Rust Red,Navy blue","#672E34,#17256C"
2018-01-18,inkyDays011818.jpg,"Sepia brown,Aqua blue","#56433F,#134E70"
2018-01-19,inkyDays011918.jpg,"Avocado,Sepia brown","#23481C,#56433F"
2018-01-20,inkyDays012018.jpg,Rose Pink,#EE82EE
2018-01-21,inkyDays012118.jpg,"Avocado,Sepia brown,Navy blue,Rose Pink","#23481C,#56433F,#17256C,#EE82EE"
2018-01-22,inkyDays012218.jpg,"Rust Red,Aqua blue","#672E34,#134E70"
2018-01-23,inkyDays012318.jpg,"Sepia brown,Navy blue","#56433F,#17256C"
2018-01-24,inkyDays012418.jpg,Sepia brown,#56433F
2018-01-25,inkyDays012518.jpg,"Sepia brown,Navy blue","#56433F,#17256C"
2018-01-26,inkyDays012618.jpg,"Avocado,Light green","#23481C,#8FBC8F"
2018-01-27,inkyDays012718.jpg,"Avocado,Sepia brown,Light green","#23481C,#56433F,#8FBC8F"
2018-01-28,inkyDays012818.jpg,"Rust Red,Sepia brown,Aqua blue","#672E34,#56433F,#134E70"
2018-01-29,inkyDays012918.jpg,"Avocado,Sepia brown,Navy blue","#23481C,#56433F,#17256C"
2018-01-30,inkyDays013018.jpg,"Sepia brown,Navy blue","#56433F,#17256C"
2018-01-31,inkyDays013118.jpg,Sepia brown,#56433F
2018-02-01,inkyDays020118.jpg,"Avocado,Sepia brown,Navy blue","#23481C,#56433F,#17256C"
2018-02-02,inkyDays020218.jpg,"Rust Red,Aqua blue","#672E34,#134E70"
2018-02-03,inkyDays020318.jpg,"Rust Red,Aqua blue","#672E34,#134E70"
2018-02-04,inkyDays020418.jpg,"Sepia brown,Navy blue","#56433F,#17256C"
2018-02-05,inkyDays020518.jpg,"Sepia brown,Aqua blue","#56433F,#134E70"
2018-02-06,inkyDays020618.jpg,"Rust Red,Aqua blue","#672E34,#134E70"
2018-02-07,inkyDays020718.jpg,"Sepia brown,Navy blue","#56433F,#17256C"
2018-02-08,inkyDays020818.jpg,"Avocado,Sepia brown,Navy blue","#23481C,#56433F,#17256C"
2018-02-09,inkyDays020918.jpg,"Rust Red,Navy blue","#672E34,#17256C"
2018-02-10,inkyDays021018.jpg,"Sepia brown,Navy blue,Aqua blue","#56433F,#17256C,#134E70"
2018-02-11,inkyDays021118.jpg,"Sepia brown,Navy blue","#56433F,#17256C"
2018-02-12,inkyDays021218.jpg,"Rust Red,Navy blue","#672E34,#17256C"
2018-02-13,inkyDays021318.jpg,"Navy blue,Light Green","#17256C,#8FBC8F"
2018-02-14,inkyDays021418.jpg,"Sepia brown,Navy blue,Light Green","#56433F,#17256C,#8FBC8F"
2018-02-15,inkyDays021518.jpg,"Sepia brown,Navy blue","#56433F,#17256C"
2018-02-16,inkyDays021618.jpg,"Rust Red,Navy blue","#672E34,#17256C"
2018-02-17,inkyDays021718.jpg,"Sepia brown,Navy blue","#56433F,#17256C"
2018-02-18,inkyDays021818.jpg,"Rust Red,Aqua blue","#672E34,#134E70"
2018-02-19,inkyDays021918.jpg,"Rust Red,Aqua blue","#672E34,#134E70"
2018-02-20,inkyDays022018.jpg,"Rust Red,Aqua blue","#672E34,#134E70"
2018-02-21,inkyDays022118.jpg,"Sepia brown,Navy blue","#56433F,#17256C"
2018-02-22,inkyDays022218.jpg,"Avocado,Sepia brown","#23481C,#56433F"
2018-02-23,inkyDays022318.jpg,"Avocado,Aqua blue","#23481C,#134E70"
2018-02-24,inkyDays022418.jpg,"Avocado,Sepia brown,Aqua blue","#23481C,#56433F,#134E70"
2018-02-25,inkyDays022518.jpg,"Avocado,Sepia brown,Aqua blue","#23481C,#56433F,#134E70"
2018-02-26,inkyDays022618.jpg,"Avocado,Sepia brown,Aqua blue","#23481C,#56433F,#134E70"
2018-02-27,inkyDays022718.jpg,"Rust Red,Sepia brown,Aqua blue","#672E3,#56433F4,#134E70"
2018-02-28,inkyDays022818.jpg,"Sepia brown,Navy blue","#56433F,#17256C"
2018-03-01,inkyDays030118.jpg,"Avocado,Sepia brown,Aqua blue","#23481C,#56433F,#134E70"
2018-03-02,inkyDays030218.jpg,"Rust Red,Sepia brown,Aqua blue","#672E3,#56433F4,#134E70"
2018-03-03,inkyDays030318.jpg,"Sepia brown,Navy blue","#56433F,#17256C"
2018-03-04,inkyDays030418.jpg,"Avocado,Sepia brown,Navy blue","#23481C,#56433F,#17256C"
2018-03-05,inkyDays030518.jpg,"Sepia brown,Navy blue","#56433F,#17256C"
2018-03-06,inkyDays030618.jpg,"Rust Red,Sepia brown,Aqua blue","#672E34,#56433F,#134E70"
2018-03-07,inkyDays030718.jpg,"Rust Red,Aqua blue","#672E34,#134E70"
2018-03-08,inkyDays030818.jpg,"Rust Red,Rose Pink","#672E34,#EE82EE"
2018-03-09,inkyDays030918.jpg,"Avocado,Light green,Rose Pink","#23481C,#8FBC8F,#EE82EE"
2018-03-10,inkyDays031018.jpg,"Avocado,Aqua blue,Rose Pink","#23481C,#134E70,#EE82EE"
2018-03-11,inkyDays031118.jpg,"Avocado,Aqua blue,Rose Pink","#23481C,#134E70,#EE82EE"
2018-03-12,inkyDays031218.jpg,"Avocado,Rose Pink","#23481C,#EE82EE"
2018-03-13,inkyDays031318.jpg,"Avocado,Light green","#23481C,#8FBC8F"
2018-03-14,inkyDays031418.jpg,"Rust Red,Aqua blue,Sepia brown","#672E34,#134E70,#56433F"
2018-03-15,inkyDays031518.jpg,"Sepia brown,Navy blue,Aqua blue","#56433F,#17256C,#134E70"
2018-03-16,inkyDays031618.jpg,Sepia brown,#56433F
2018-03-17,inkyDays031718.jpg,"Sepia brown,Navy blue","#56433F,#17256C"
2018-03-18,inkyDays031818.jpg,"Sepia brown,Navy blue","#56433F,#17256C"
2018-03-19,inkyDays031918.jpg,"Rust Red,Aqua blue","#672E34,#134E70"
2018-03-20,inkyDays032018.jpg,"Avocado,Navy blue,Aqua blue","#23481C,#17256C,#134E70"
2018-03-21,inkyDays032118.jpg,"Sepia brown,Navy blue,Aqua blue","#56433F,#17256C,#134E70"
2018-03-22,inkyDays032218.jpg,"Avocado,Aqua blue","#23481C,#134E70"
2018-03-23,inkyDays032318.jpg,"Avocado,Sepia brown,Aqua blue","#23481C,#56433F,#134E70"
2018-03-24,inkyDays032418.jpg,"Rust Red,Sepia brown,Aqua blue","#672E34,#56433F,#134E70"
2018-03-25,inkyDays032518.jpg,"Sepia brown,Aqua blue","#56433F,#134E70"
2018-03-26,inkyDays032618.jpg,"Avocado,Sepia brown,Aqua blue","#23481C,#56433F,#134E70"
2018-03-27,inkyDays032718.jpg,"Sepia brown,Navy blue","#56433F,#17256C"
2018-03-28,inkyDays032818.jpg,"Sepia brown,Navy blue,Rose Pink","#56433F,#17256C,#EE82EE"
2018-03-29,inkyDays032918.jpg,"Rust Red,Sepia brown,Navy blue,Aqua blue","#672E34,#56433F,#17256C"
2018-03-30,inkyDays033018.jpg,"Sepia brown,Venice blue,Navy blue","#672E34,#324F6B,#56433F"
2018-03-31,inkyDays033118.jpg,"Avocado,Sepia brown,Aqua blue","#23481C,#56433F,#134E70"
2018-04-01,inkyDays040118.jpg,"Purple,Aqua blue,Light Green,Rose Pink","#5D3E67,#134E70,#8FBC8F,#EE82EE"
2018-04-02,inkyDays040218.jpg,"Sepia brown,Navy blue","#56433F,#17256C"
2018-04-03,inkyDays040318.jpg,"Sepia brown,Aqua blue","#56433F,#134E70"
2018-04-04,inkyDays040418.jpg,"Rust Red,Sepia brown,Aqua blue","#672E34,#56433F,#134E70"
2018-04-05,inkyDays040518.jpg,"Rust Red,Navy blue,Aqua blue","#672E34,#17256C,#134E70"
2018-04-06,inkyDays040618.jpg,"Sepia brown,Navy blue,Aqua blue,Light Green,Rose Pink","#56433F,#17256C,#134E70,#8FBC8F,#EE82EE"
2018-04-07,inkyDays040718.jpg,"Sepia brown,Navy blue,Aqua blue","#56433F,#17256C,#134E70"
2018-04-08,inkyDays040818.jpg,"Sepia brown,Navy blue,Aqua blue","#56433F,#17256C,#134E70"
2018-04-09,inkyDays040918.jpg,"Sepia brown,Navy blue","#56433F,#17256C"
2018-04-10,inkyDays041018.jpg,"Sepia brown,Navy blue,Aqua blue","#56433F,#17256C,#134E70"
2018-04-11,inkyDays041118.jpg,"Rust Red,Aqua blue","#672E34,#134E70"
2018-04-12,inkyDays041218.jpg,"Avocado,Sepia brown,Navy blue,Aqua blue","#23481C,#56433F,#17256C,#134E70"
2018-04-13,inkyDays041318.jpg,"Sepia brown,Navy blue,Aqua blue","#56433F,#17256C,#134E70"
2018-04-14,inkyDays041418.jpg,"Sepia brown,Navy blue,Aqua blue,Light Green","#8FBC8F,#17256C,#134E70,#56433F"
2018-04-15,inkyDays041518.jpg,Sepia brown,#56433F
2018-04-16,inkyDays041618.jpg,"Sepia brown,Navy blue,Aqua blue,Light Green","#56433F,#17256C,#134E70,#8FBC8F"
2018-04-17,inkyDays041718.jpg,"Rust Red,Aqua blue","#672E34,#134E70"
2018-04-18,inkyDays041818.jpg,"Avocado,Sepia brown","#23481C,#56433F"
2018-04-19,inkyDays041918.jpg,"Sepia brown,Navy blue,Aqua blue","#56433F,#17256C,#134E70"
2018-04-20,inkyDays042018.jpg,"Sepia brown,Navy blue,Aqua blue","#56433F,#17256C,#134E70"
2018-04-21,inkyDays042118.jpg,"Rust Red,Navy blue,Aqua blue","#672E34,#17256C,#134E70"
2018-04-22,inkyDays042218.jpg,"Sepia brown,Navy blue,Aqua blue","#56433F,#17256C,#134E70"
2018-04-23,inkyDays042318.jpg,"Sepia brown,Navy blue,Aqua blue","#56433F,#17256C,#134E70"
2018-04-24,inkyDays042418.jpg,"Sepia brown,Navy blue,Aqua blue","#56433F,#17256C,#134E70"
2018-04-25,inkyDays042518.jpg,"Avocado,Navy blue,Aqua blue","#23481C,#17256C,#134E70"
2018-04-26,inkyDays042618.jpg,"Avocado,Aqua blue","#23481C,#134E70"
2018-04-27,inkyDays042718.jpg,"Rust Red,Navy blue,Aqua blue","#672E34,#17256C,#134E70"
2018-04-28,inkyDays042818.jpg,"Rust Red,Sepia brown,Aqua blue","#672E34,#56433F,#134E70"
2018-04-29,inkyDays042918.jpg,"Avocado,Aqua blue","#23481C,#134E70"
2018-04-30,inkyDays043018.jpg,"Sepia brown,Navy blue,Aqua blue","#56433F,#17256C,#134E70"
2018-05-01,inkyDays050118.jpg,"Sepia brown,Navy blue,Aqua blue","#56433F,#17256C,#134E70"
2018-05-02,inkyDays050218.jpg,"Sepia brown,Navy blue,Aqua blue","#56433F,#17256C,#134E70"
2018-05-03,inkyDays050318.jpg,"Sepia brown,Navy blue,Aqua blue","#56433F,#17256C,#134E70"
2018-05-04,inkyDays050418.jpg,"Rust Red,Sepia brown,Aqua blue,Navy blue","#672E34,#56433F,#134E70,#17256C"
2018-05-05,inkyDays050518.jpg,"Rust Red,Navy blue,Aqua blue","#672E34,#17256C,#134E70"
2018-05-06,inkyDays050618.jpg,"Avocado,Navy blue,Aqua blue","#23481C,#17256C,#134E70"
2018-05-07,inkyDays050718.jpg,"Sepia brown,Navy blue,Aqua blue","#56433F,#17256C,#134E70"
2018-05-08,inkyDays050818.jpg,"Rust Red,Aqua blue","#672E34,#134E70"
2018-05-09,inkyDays050918.jpg,"Rust Red,Navy blue,Aqua blue","#672E34,#17256C,#134E70"
2018-05-10,inkyDays051018.jpg,Ballpoint blue,#191970
2018-05-11,inkyDays051118.jpg,Ballpoint blue,#191970
2018-05-12,inkyDays051218.jpg,Ballpoint blue,#191970
2018-05-13,inkyDays051318.jpg,Ballpoint blue,#191970
2018-05-14,inkyDays051418.jpg,Ballpoint blue,#191970
2018-05-15,inkyDays051518.jpg,Ballpoint blue,#191970
2018-05-16,inkyDays051618.jpg,Ballpoint blue,#191970
2018-05-17,inkyDays051718.jpg,"Paris Fog Grey,Aqua blue,Italian Light Indigo","#4B587C,#134E70,#B3BFCA"
2018-05-18,inkyDays051818.jpg,"Italia Oak Black, Midnight Blue (Herbin),Aqua blue","#222222, #2C5278,#134E70"
2018-05-19,inkyDays051918.jpg,Aqua blue,#134E70
2018-05-20,inkyDays052018.jpg,"Paris Fog Grey,Aqua blue,Italian Light Indigo,Light green","#4B587C,#134E70,#B3BFCA,#8FBC8F"
2018-05-21,inkyDays052118.jpg,"Italian Oak Black, Teal blue (Herbin)","#222222,#008080,#B3BFCA"
2018-06-22,inkyDays052218.jpg,"Aqua blue,Light Green","#134E70,#8FBC8F"
2018-06-23,inkyDays052318.jpg,Midnight Blue (Herbin),#2C5278
2018-06-24,inkyDays052418.jpg,"Terre brown (Herbin),Burnt yellow (Herbin)","#725F5B,#D7B75B"
2018-05-25,inkyDays052518.jpg,"Beach grey (Herbin),Teal blue (Herbin)","#696969,#008080"
2018-05-26,inkyDays052618.jpg,"Midnight Blue (Herbin),Burnt Yellow (Herbin)","#2C5278,#D7B75B"
2018-05-27,inkyDays052718.jpg,"Sepia Brown,Terre brown (Herbin),Light Green","#56433F,#725F5B,#8FBC8F"
2018-05-28,inkyDays052818.jpg,"Sepia Brown,Terre brown (Herbin),Italian Light Indigo","#56433F,#725F5B,#B3BFCA"
2018-05-29,inkyDays052918.jpg,"Italian Oak Black,Teal blue (Herbin),Italian Light Indigo","#121212,#008080,#B3BFCA"
2018-05-30,inkyDays053018.jpg,"Paris Fog Grey,Italian Light Indigo","#4B587C,#B3BFCA"
2018-05-31,inkyDays053118.jpg,Italian Oak Black,#222222
2018-06-01,inkyDays060118.jpg,"Terre brown (Herbin),Teal blue (Herbin),Orange (J.Herbin)","#725F5B,#008080,#FF8C00"
2018-06-02,inkyDays060218.jpg,"Midnight Blue (Herbin),Aqua blue","#2C5278,#134E70"
2018-06-03,inkyDays060318.jpg,Orange (J.Herbin),#FF8C00
2018-06-04,inkyDays060418.jpg,Teal blue (Herbin),#008080
2018-06-05,inkyDays060518.jpg,"Terre brown (Herbin),Beach grey (Herbin),Burnt yellow (Herbin)","#725F5B,#696969,#D7B75B"
2018-06-06,inkyDays060618.jpg,"Italian Oak Black,Aqua blue,Orange (J.Herbin)","#222222,#134E70,#FF8C00"
2018-06-07,inkyDays060718.jpg,"Midnight Blue (Herbin),Short Plum (J.Herbin),Rose Pink","#2C5278,#754F78,#EE82EE"
2018-06-08,inkyDays060818.jpg,"Paris Fog Grey,Aqua Blue,Italian Light Indigo","#4B587C,#134E70,#B3BFCA"
2018-06-09,inkyDays060918.jpg,"Sepia Brown,Beach grey (Herbin),Burnt yellow (Herbin)","#56433F,#696969,#D7B75B"
2018-06-10,inkyDays061018.jpg,"Italian Oak Black, Midnight Blue (Herbin),Italian Light Indigo","#222222,#2C5278,#B3BFCA"
2018-06-11,inkyDays061118.jpg,"Italian Oak Black,Italian Light Indigo","#222222,#B3BFCA"
2018-06-12,inkyDays061218.jpg,"Italian Oak Black,Aqua blue,Italian Light Indigo,Orange (J.Herbin)","#222222,#134E70,#B3BFCA,#FF8C00"
2018-06-13,inkyDays061318.jpg,"Italian Oak Black,Orange (J.Herbin),Rose Pink","#222222,#FF8C00,#EE82EE"
2018-06-14,inkyDays061418.jpg,Teal blue (Herbin),#008080
2018-06-15,inkyDays061518.jpg,"Short Grey (J.Herbin),Saphire Blue (J.Herbin),Orange (J.Herbin)","#808080,#2D377F,#FF8C00"
2018-06-16,inkyDays061618.jpg,"Italian Oak Black,Italian Light Indigo","#222222,#B3BFCA"
2018-06-17,inkyDays061718.jpg,"Italian Oak Black,Italian Light Indigo","#222222,#B3BFCA"
2018-06-18,inkyDays061818.jpg,"Avocado,Teal blue (Herbin)","#23481C,#008080"
2018-06-19,inkyDays061918.jpg,"Rust Red,Midnight Blue (Herbin),Teal blue (Herbin)","#672E34,#2C5278,#008080"
2018-06-20,inkyDays062018.jpg,"Italian Oak Black,Orange (J.Herbin)","#222222,#FF8C00"
2018-06-21,inkyDays062118.jpg,"Italian Oak Black,Orange (J.Herbin)","#222222,#FF8C00"
2018-06-22,inkyDays062218.jpg,"Italian Oak Black,Italian Light Indigo,Orange (J.Herbin)","#222222,#B3BFCA,#FF8C00"
2018-06-23,inkyDays062318.jpg,"Italian Oak Black,Italian Light Indigo,Orange (J.Herbin),Rose Pink","#222222,#B3BFCA,#FF8C00,#EE82EE"
2018-06-24,inkyDays062418.jpg,"Italian Oak Black,Italian Light Indigo,Orange (J.Herbin)","#222222,#B3BFCA,#FF8C00"
2018-06-25,inkyDays062518.jpg,"Italian Oak Black,Italian Light Indigo,Orange (J.Herbin)","#222222,#B3BFCA,#FF8C00"
2018-06-26,inkyDays062618.jpg,"Italian Oak Black,Short Grey (J.Herbin),Orange (J.Herbin),Rose Pink","#222222,#808080,#FF8C00,#EE82EE"
2018-06-27,inkyDays062718.jpg,"Italian Oak Black,Beach grey (Herbin),Midnight Blue (Herbin),Italian Light Indigo","#222222,#696969,#2C5278,#B3BFCA"
2018-06-28,inkyDays062818.jpg,"Italian Oak Black,Orange (J.Herbin)","#222222,#FF8C00"
2018-06-29,inkyDays062918.jpg,"Italian Oak Black,Short Grey (J.Herbin),Italian Light Indigo,Light Green","#222222,#808080,#B3BFCA,#8FBC8F"
2018-06-30,inkyDays063018.jpg,"Fountain Black,Fountain Green,Fountain Orange","#212121,#008000,#FF8C00"
2018-07-01,inkyDays070118.jpg,Fountain Black,#212121
2018-07-02,inkyDays070218.jpg,"Italian Oak Black,Orange (J.Herbin)","#222222,#FF8C00"
2018-07-03,inkyDays070318.jpg,Italian Oak Black,#222222
2018-07-04,inkyDays070418.jpg,Italian Oak Black,#222222
2018-07-05,inkyDays070518.jpg,"Italian Oak Black,Italian Light Indigo,Orange (J.Herbin)","#222222,#B3BFCA,#FF8C00"
2018-07-06,inkyDays070618.jpg,"Italian Oak Black,Short Grey (J.Herbin)","#222222,#808080"
2018-07-07,inkyDays070718.jpg,"Short Grey (J.Herbin),Orange (J.Herbin)","#808080,#FF8C00"
2018-07-08,inkyDays070818.jpg,Italian Oak Black,#222222
2018-07-09,inkyDays070918.jpg,"Italian Oak Black,Italian Light Indigo","#222222,#B3BFCA"
2018-07-10,inkyDays071018.jpg,"Italian Oak Black,Short Grey (J.Herbin),Orange (J.Herbin)","#222222,#808080,#FF8C00"
2018-07-11,inkyDays071118.jpg,"Italian Oak Black,Beach grey (Herbin),Short Grey (J.Herbin),Orange (J.Herbin)","#222222,#696969,#808080,#FF8C00"
2018-07-12,inkyDays071218.jpg,"Italian Oak Black,Orange (J.Herbin)","#222222,#FF8C00"
2018-07-13,inkyDays071318.jpg,"Italian Oak Black,Orange (J.Herbin)","#222222,#FF8C00"
2018-07-14,inkyDays071418.jpg,"Terre brown (Herbin),Saphire Blue (J.Herbin)","#725F5B,#2D377F"
2018-07-15,inkyDays071518.jpg,"Italian Oak Black,Short Grey (J.Herbin),Italian Light Indigo","#222222,#808080,#B3BFCA"
2018-07-16,inkyDays071618.jpg,"Italian Oak Black,Short Grey (J.Herbin),Burnt yellow (Herbin),Orange (J.Herbin)","#222222,#808080,#D7B75B,#FF8C00"
2018-07-17,inkyDays071718.jpg,"Italian Oak Black,Paris Fog Grey,Orange (J.Herbin)","#222222,#4B587C,#FF8C00"
2018-07-18,inkyDays071818.jpg,"Italian Oak Black,Beach grey (Herbin),Italian Light Indigo","#222222,#696969,#B3BFCA"
2018-07-19,inkyDays071918.jpg,"Italian Oak Black,Italian Light Indigo,Orange (J.Herbin)","#222222,#B3BFCA,#FF8C00"
2018-07-20,inkyDays072018.jpg,"Italian Oak Black,Beach grey (Herbin),Short Grey (J.Herbin),Orange (J.Herbin)","#222222,#696969,#808080,#FF8C00"
2018-07-21,inkyDays072118.jpg,Teal blue (Herbin),#008080
2018-07-22,inkyDays072218.jpg,"Terre brown (Herbin),Midnight Blue (Herbin),Burnt yellow (Herbin)","#725F5B,#2C5278,#D7B75B"
2018-07-23,inkyDays072318.jpg,"Beach grey (Herbin),Midnight Blue (Herbin),Italian Light Indigo,Burnt yellow (Herbin)","#696969,#2C5278,#B3BFCA,#D7B75B"
2018-07-24,inkyDays072418.jpg,"Short Grey (J.Herbin),Midnight Blue (Herbin),Burnt yellow (Herbin),Orange (J.Herbin)","#808080,#2C5278,#D7B75B,#FF8C00"
2018-07-25,inkyDays072518.jpg,"Short Grey (J.Herbin),Italian Light Indigo,Orange (J.Herbin)","#808080,#B3BFCA,#FF8C00"
2018-07-26,inkyDays072618.jpg,"Terre brown (Herbin),Midnight Blue (Herbin),Italian Light Indigo","#725F5B,#2C5278,#B3BFCA"
2018-07-27,inkyDays072718.jpg,"Italian Oak Black,Italian Light Indigo","#222222,#B3BFCA"
2018-07-28,inkyDays072818.jpg,"Italian Oak Black,Italian Light Indigo,Orange (J.Herbin)","#222222,#B3BFCA,#FF8C00"
2018-07-29,inkyDays072918.jpg,"Italian Oak Black,Italian Light Indigo,Orange (J.Herbin)","#222222,#B3BFCA,#FF8C00"
2018-07-30,inkyDays073018.jpg,"Italian Oak Black,Italian Light Indigo,Orange (J.Herbin)","#222222,#B3BFCA,#FF8C00"
2018-07-31,inkyDays073118.jpg,"Italian Oak Black,Italian Light Indigo,Burnt yellow (Herbin),Orange (J.Herbin)","#222222,#B3BFCA,#D7B75B,#FF8C00"
2018-08-01,inkyDays080118.jpg,"Short Grey (J.Herbin),Orange (J.Herbin),Rose Pink","#808080,#FF8C00,#EE82EE"
2018-08-02,inkyDays080218.jpg,"Italian Oak Black,Beach grey (Herbin),Burnt yellow (Herbin)","#222222,#696969,#D7B75B"
2018-08-03,inkyDays080318.jpg,"Italian Oak Black,Beach grey (Herbin),Short Grey (J.Herbin),Orange (J.Herbin)","#222222,#696969,#808080,#FF8C00"
2018-08-04,inkyDays080418.jpg,"Italian Oak Black,Italian Light Indigo,Orange (J.Herbin)","#222222,#B3BFCA,#FF8C00"
2018-08-05,inkyDays080518.jpg,"Italian Oak Black,Short Grey (J.Herbin),Italian Light Indigo,Orange (J.Herbin)","#222222,#808080,#B3BFCA,#FF8C00"
2018-08-06,inkyDays080618.jpg,"Italian Oak Black,Orange (J.Herbin),Rose Pink","#222222,#FF8C00,#EE82EE"
2018-08-07,inkyDays080718.jpg,"Italian Oak Black, Midnight Blue (Herbin),Italian Light Indigo,Orange (J.Herbin)","#222222,#2C5278,#B3BFCA,#FF8C00"
2018-08-08,inkyDays080818.jpg,"Italian Oak Black, Midnight Blue (Herbin),Teal blue (Herbin)","#222222,#2C5278,#008080"
2018-08-09,inkyDays080918.jpg,"Italian Oak Black, Midnight Blue (Herbin),Teal blue (Herbin)","#222222, #2C5278,#008080"
2018-08-10,inkyDays081018.jpg,"Paris Black Gold,Paris Teal Metalic","#111111,#2E88A3"
2018-08-11,inkyDays081118.jpg,"Paris Black Gold, Burnt yellow (Herbin)","#111111,#D7B75B"
2018-08-12,inkyDays081218.jpg,"Italian Oak Black,Midnight Blue (Herbin),Orange (J.Herbin)","#222222,#2C5278,#FF8C00"
2018-08-13,inkyDays081318.jpg,"Italian Oak Black,Midnight Blue (Herbin),Orange (J.Herbin)","#222222,#2C5278,#FF8C00"
2018-08-14,inkyDays081418.jpg,"Italian Oak Black,Midnight Blue (Herbin),Orange (J.Herbin)","#222222,#2C5278,#FF8C00"
2018-08-15,inkyDays081518.jpg,"Terre brown (Herbin),Midnight Blue (Herbin),Teal blue (Herbin)","#725F5B,#2C5278,#008080"
2018-08-16,inkyDays081618.jpg,"Terre brown (Herbin),Midnight Blue (Herbin),Teal blue (Herbin)","#725F5B,#2C5278,#008080"
2018-08-17,inkyDays081718.jpg,"Terre brown (Herbin),Midnight Blue (Herbin)","#725F5B,#2C5278"
2018-08-18,inkyDays081818.jpg,"Terre brown (Herbin),Midnight Blue (Herbin)","#725F5B,#2C5278"
2018-08-19,inkyDays081918.jpg,"Terre brown (Herbin),Midnight Blue (Herbin),Teal blue (Herbin)","#725F5B,#2C5278,#008080"
2018-08-20,inkyDays082018.jpg,"Terre brown (Herbin),Midnight Blue (Herbin),Teal blue (Herbin)","#725F5B,#2C5278,#008080"
2018-08-21,inkyDays082118.jpg,"Terre brown (Herbin),Midnight Blue (Herbin),Teal blue (Herbin)","#725F5B,#2C5278,#008080"
2018-08-22,inkyDays082218.jpg,"Terre brown (Herbin),Midnight Blue (Herbin),Teal blue (Herbin)","#725F5B,#2C5278,#008080"
2018-08-23,inkyDays082318.jpg,"Terre brown (Herbin),Midnight Blue (Herbin),Teal blue (Herbin)","#725F5B,#2C5278,#008080"
2018-08-24,inkyDays082418.jpg,"Terre brown (Herbin),Midnight Blue (Herbin),Teal blue (Herbin)","#725F5B,#2C5278,#008080"
2018-08-25,inkyDays082518.jpg,"Terre brown (Herbin),Midnight Blue (Herbin),Teal blue (Herbin),Burnt yellow (Herbin)","#725F5B,#2C5278,#008080,#D7B75B"
2018-08-26,inkyDays082618.jpg,"Italian Oak Black,Italian Light Indigo,Burnt yellow (Herbin),Orange (J.Herbin)","#222222,#B3BFCA,#D7B75B,#FF8C00"
2018-08-27,inkyDays082718.jpg,"Terre brown (Herbin),Midnight Blue (Herbin),Teal blue (Herbin),Orange (J.Herbin)","#725F5B,#2C5278,#008080,#FF8C00"
2018-08-28,inkyDays082818.jpg,"Terre brown (Herbin),Midnight Blue (Herbin),Teal blue (Herbin),Italian Light Indigo,Orange (J.Herbin)","#725F5B,#2C5278,#008080,#B3BFCA,#FF8C00"
2018-08-29,inkyDays082918.jpg,"Terre brown (Herbin),Midnight Blue (Herbin),Teal blue (Herbin)","#725F5B,#2C5278,#008080"
2018-08-30,inkyDays083018.jpg,"Terre brown (Herbin),Midnight Blue (Herbin),Teal blue (Herbin)","#725F5B,#2C5278,#008080"
2018-08-31,inkyDays083118.jpg,"Terre brown (Herbin),Midnight Blue (Herbin),Teal blue (Herbin)","#725F5B,#2C5278,#008080"
2018-09-01,inkyDays090118.jpg,"Terre brown (Herbin),Midnight Blue (Herbin)","#725F5B,#2C5278"
2018-09-02,inkyDays090218.jpg,"Terre brown (Herbin),Midnight Blue (Herbin),Teal blue (Herbin)","#725F5B,#2C5278,#008080"
2018-09-03,inkyDays090318.jpg,"Terre brown (Herbin),Midnight Blue (Herbin),Orange (J.Herbin)","#725F5B,#2C5278,#FF8C00"
2018-09-04,inkyDays090418.jpg,Orange (J.Herbin),#FF8C00
2018-09-05,inkyDays090518.jpg,"Terre brown (Herbin),Midnight Blue (Herbin)","#725F5B,#2C5278"
2018-09-06,inkyDays090618.jpg,"Terre brown (Herbin),Midnight Blue (Herbin),Teal blue (Herbin)","#725F5B,#2C5278,#008080"
2018-09-07,inkyDays090718.jpg,"Terre brown (Herbin),Midnight Blue (Herbin),Teal blue (Herbin)","#725F5B,#2C5278,#008080"
2018-09-08,inkyDays090818.jpg,"Terre brown (Herbin),Midnight Blue (Herbin),Teal blue (Herbin)","#725F5B,#2C5278,#008080"
2018-09-09,inkyDays090918.jpg,"Terre brown (Herbin),Midnight Blue (Herbin),Teal blue (Herbin)","#725F5B,#2C5278,#008080"
2018-09-10,inkyDays091018.jpg,"Terre brown (Herbin),Midnight Blue (Herbin),Teal blue (Herbin)","#725F5B,#2C5278,#008080"
2018-09-11,inkyDays091118.jpg,"Terre brown (Herbin),Midnight Blue (Herbin),Teal blue (Herbin),Orange (J.Herbin)","#725F5B,#2C5278,#008080,#FF8C00"
2018-09-12,inkyDays091218.jpg,"Terre brown (Herbin),Midnight Blue (Herbin),Teal blue (Herbin","#725F5B,#2C5278,#008080"
2018-09-13,inkyDays091318.jpg,"Terre brown (Herbin),Midnight Blue (Herbin)","#725F5B,#2C5278"
2018-09-14,inkyDays091418.jpg,"Terre brown (Herbin),Teal blue (Herbin)","#725F5B,#008080"
2018-09-15,inkyDays091518.jpg,"Terre brown (Herbin),Midnight Blue (Herbin),Teal blue (Herbin)","#725F5B,#2C5278,#008080"
2018-09-16,inkyDays091618.jpg,"Terre brown (Herbin),Midnight Blue (Herbin),Teal blue (Herbin)","#725F5B,#2C5278,#008080"
2018-09-17,inkyDays091718.jpg,"Terre brown (Herbin),Midnight Blue (Herbin)","#725F5B,#2C5278"
2018-09-18,inkyDays091818.jpg,"Terre brown (Herbin),Midnight Blue (Herbin),Teal blue (Herbin)","#725F5B,#2C5278,#008080"
2018-09-19,inkyDays091918.jpg,"Terre brown (Herbin),Midnight Blue (Herbin),Teal blue (Herbin),Orange (J.Herbin)","#725F5B,#2C5278,#008080,#FF8C00"